tiago ribeiro,x
sou BancoC amando,p
continua ignorando pessoas sistema windowsmobile fiz produtoA prometido app sistema chegou deixei usar,n
conta aberta porem recebi cartao debito limite BancoB poxa,n
entendi forma colocada meio confuso,n
quase meses conta nota parabens sucesso souBancoC,p
joao lucas martines,x
convite chega,p
melhor banco tive ate hoje BancoC nao preco,p
marcos dias,x
pedro,x
bom espero abertura conta,p
conseguindo solicitacao aparece app recebi convite cadastrei,n
gustavo marco,x
amooooo diogo nogueira,p
chegou cartao afim desbloquea debito serventia melhor fica inter contar anuidade cinco meses cartao funcao credito serventia,n
conta BancoC aprovada hoje horas apos cadastro cartao chega tempo conhecer arena BancoC,p
quero nao melhor brasil bom diogo nogueira,p
casa conversamo,x
ok obrigado ligado merchandising filme,x
humildade pura,x
silverio dourado santos,x
falar exato comecar aprovacao contas ansioso,n
pessoal nao liberacao cartao credito saindo banco bancoTA justamente devido falta credito negocio recebimentos pagamentoSeguro bandeiracartao ambos configurei cai banco BancoC nao credito melhor voltar banco onde preciso voces analise conta veja valores entra boletos agendados pagamento,n
berrando,x
steh,x
lindo maravilhoso contas saem saem,p
obrigada ctza,x
cliente produtoA sou cliente fintechCartao acho status banco poderao agregando produtos fintechCartao banco cartao credito caso BancoA conta corrente possibilidades transferencia pagamentos etc proposta jovem app otima herdou produtoA objetivos ajuda pessoa economizar investir dinheiro proposta diferente medir padroes tivemos disponiveis acredito futuro possam abrir cartao credito etc leva tempo menos proposta burocratica cara BancoC,n
acho semana,x
confiavel,p
neyto silva john santoles entendi beber case voltar pensando caras vao aparecer paulo pow,x
melhor banco existente brasil atualmente parabens atendimento absurda qualidade tecnologia ponta souBancoC,p
acabando,x
marido abriu conta nesse banco cartao chegou nao enviaram senha sabe aconteceu central atendimento enviou mensagem inbox nao teve qualquer resposta nao recomendo abertura conta neste banco atendimento pessimo,n
BancoB abri conta recebi cartao quero saber funciona aplicacao rendimentos tals,p
realmente alegria ruas,p
asus zenfone android,x
agr restam,x
coracao enche alegria orgulho,p
francine bernardes,x
esperando serelepe aprovacao,p
precisa convite convite apenas facilita processo cartao credito necessario analise perfil convite espera-se pessoas perfis semelhantes convidem aumentando chances aceitacao fintechCartao BancoA servicos diferentes ideias semelhantes,n
carlos henrique vedovato,x
aconteceu enfim pedir cancelar,n
banco BancoA fiz cadastro certinho porem dois problemas foto rg foca   sai embacada cidades possuem cep cep geral nesse caso app permite finalizar cadastro aceita ceps ruas,n
pq anexei comprovante renda,n
canso lorruanah santos,x
isabella,x
consigo contato chat,n
bora entende,x
baixei aplicativo ok mandei docs ok esperei resposta abrir conta veio email telefone opiniao pessimo servico prestado,n
show bola ideia havia comentado produtoA faltava cartao chip parece escutaram preces BancoA futuro,p
quero hoje,p
bom adorei mil bjos,p
desisto,n
karaka acabei entrar site restam contas fiz cadastro espero aprovado,p
fiz migracao hoje produtoA BancoA demorando fizeram primeiras horas imagina fez,n
conhece rafael tex,x
queria estar vivo,p
nao conseguir nada porcaria quero desbloquear vc libera processo banco,n
pessoal abram conta nesse banco quiserem passar vergonha velho bancoTA querendo esconder atras nome abri conta agosto deram limite usei cobri atrasei vida continua pasmem hoje cancelarem limite passei vergonha tentando pagar algo cartao liguei central tendente fizeram reavaliacao cancelaram nada explicacao avisam consta termo adesao nojo seguros banco vou cancelar,n
descobri banco fiquei atras,n
raissa souza comercial hora,x
acabei cadastrando expirado contas demorar receber convite sequencia,n
previsao breve,n
banco banco demora digital fisico,n
pow banco BancoC esperando resposta voces mandaram fala inbox falei liga liguei nada mandam aguarda,n
nada consegui curtidas banco BancoA pensam,n
lindona prima,p
melhor conta existe,p
reconhecem alguem gustavo jaine mayara luana jessica,x
eryck martins,x
sambabom,x
seguradora,x
mito mito bom estarei sp,p
banco top super indico,p
abri conta ate nao recebi cartao nao recomendo nao consigo entra contato,n
shaw,x
super recomendo,p
gostaria abrir conta portabilidade BancoB pacotes baratos receio fatores exemplo liberarem credito seguinte bloquearem li comentarios,p
pena ate hoje nao consigo acessar conta,n
banco BancoC terei acesso conta recebi cartao conta divergencia email ato abertura conta nao consigo acessa contatei central atendimento solucoes,n
rodrigo rsabino abre conta,p
mariana amaral,x
adoro souBancoC,p
tentei formas gastei tais nada,n
vixi,x
belo,p
aprovado obrigado,n
BancoB show aguardando liberar funcao credito,p
semana relogio rodando rodando rodando felizao mores,p
vou,x
aprova,p
meses ate hoje nada,n
BancoA burocraticos prefiro medianato fintechCartao,n
atualizei app continua problema dias tentando abrir conta erro,n
rir chorar,x
tereza ribeiro souza presta atencao,x
sim historia artes espalhadas mudo inspiram gente,p
tenta abire conta faltar aprovar conta,n
leiliano rocha olha eterno shawnem sei escreve,x
cara onda,p
vao comecar aprovar contas menos pessoas organizando,n
adorei BancoB app facil lidar parabens gostei,p
amooooo demais,p
acho mundial palmeiras dois,x
putz tomara aceito tentando cartao credito espero cumpram filosofia voltado publico jovem,p
abertura contas aguardada volta lady gaga pop neyde musica nova nada gaga conta BancoA,n
gente segurando abrir conta lugares BancoA brilhar vida,p
luciana salles feliz natal linda,p
cade aplicativo windows phone,x
flow fluxo caixa,x
lorilene kopplin dal alvaro dal demais,x
fui aprovada,p
hoje somos,x
valeu nogueira vc demais,p
manda convite,p
show pagode verdade,p
nao,x
casamento shau,x
renata rizzi,x
pedi esperando aprovacao,x
responderam chat,p
convite mandam lucas morales,p
demorando demais liberar contas,n
nao antigamente,n
aconselho conta cancele fica dica adianta reclamar ler resposta automatica,n
maior farsa,n
motorola moto  android,x
roberta milyier dono empresa trabalho paulo,x
achei continuacao filme beber case,x
aprovacoes contas,n
facil abrir conta padaria abrir conta nesse banco esperando conta,n
existe sequer telefone contato,n
aprovacao dias,n
permitir deposito bitcoin hein,p
beleza deu certo dias tentando transferencia banco pedi senha token digito bosta não,n
absurdo chamei inbox simplesmente nao respondem descaso total,n
dias esperando convite nada,n
realmente saque rede hr ruim infelizmente podemos abolir  uso dinheiro especie,n
banco super bacana recomendo fiz cadastro cartao chegou rapidinho,p
flo lear,x
manha tome axe,x
indireta recebida coracao amarelo banco coracao rosa banco BancoC,n
BancoC banco,p
cartao chegou token desbloquear cartao nao funciona entao nao servir nada,n
gostaria receber convite,p
gleyssianne santtos reconhece,x
louco mandar banco favas banco funcione celular,n
obrigado banco BancoA ,x
simone costa sheila silva luiz henrique saudade bb,x
propaganda banco,p
falo experiencia voces,n
souBancoC,p
comecam aprovacao,n
comentar app,p
bom sou cliente BancoC meses satisfeito servicos atendimento prestado,p
previsao data inicio aprovacoes,n
mulher nao envelhece nao gente  inveja  feabreu lindaaa,p
liberando cadastro,n
sabe vivo,x
danyl matis entrei contato chat suporte ficou resolver,x
danillo santos,x
simplesmente apaixonado banco conta dois bancos cara eficiencia facilidade ate certeza banco favorito,p
achei,x
teamBancoC,p
dinheiro transferir aprovem conta bom salario zuando,x
duvida documentacoes necessarias caso ultrapassarmos limite mil reais saldo conta consta termos condicoes uso,x
reenviei comprovante residencia solicitado fiquei vacuo,n
hey banco BancoA sou cliente produtoA consegui sou cadastrado mandei mensagem chat tive resposta criei conta nova BancoA,n
tempo chegou mano aguardando,n
serio eram pottencial confuso,x
alguem liberado,x
samba verdadeiro,x
nao consigo acessar conta houve tentando ate nada,n
entao tabom obrigada,x
duvida diferencial banco BancoA cartao pago tipo numero conta alguem conta BancoA depositar transferir,x
startup residente casa sabia,x
tranquilo esperando aprovar conta,x
deixar  usar,p
carioca,x
poxa levam semanas poxa propaganda enganosa parece app prazo hrs,n
bancoBancoC top,p
dias nada sair responsa analise horas decepcionado banco pontualidade nota,n
vejo pessoas desesperadas credito pensa investimento olha opcoes investimento banco oferece gente desespero credito uso credito consciente parabens banco BancoC formato uso consciente credito souBancoC,p
inconfundivel show,p
recebi cartao debito cade cartao credito demorou tanto vim cartao debito,n
humildade loco atitude parabens,p
bom simpatia graca,p
obrigado,x
maravilha,p
cara melhor,p
show vou estar brasilia junto arlindo cruz arena,p
post oportunidade rir,p
compreendo tempo aprovacao projeto planejado vale apenas esperar,p
tainare janer,x
fiz cadastro hrs ontem nada ansioso,p
olhem jeroao lael araujjul julio henrique guilherme viana vinicius eduardo manow top,p
analisado,n
duvida falo vcs meses cartao nao chega nao consigo falar canais app,n
preciso covite amor deus,p
nao respondem,n
bom bom duvida relacao cartao credito recebi cartao bandeiracartaoB porem nao disponivel credito mim,n
cara,x
henrique fermino,x
adoro BancoC otimo banco,p
experimentei massa oportunidade utilizar servico infelizmente oportunidade nao chegou espaco reservado cartao banco BancoC separei carteira gente solicita abertura conta tira selfie banco grava ate videozinho recebe mensagem dizendo voce BancoC aguardar expectativa voce aguarda aguarda aguarda nada voce confere e-mail caixa spam sms celular nada novamente verifica status abertura aplicativo pedem seguir aguardando liga central atendimento adivinha aguardar proposito parabens selecao atendentes call center super prestativos dinamicos extremamente simpaticos profissionais voltando assunto finalizar hora voce cansa aguardar expectativa cai esquecimento acreditei seria diferente apenas frustracao quebrou coracao rs beijao,n
ronaldi mel irmao gemeo,x
diogo noqueira maravilhoso canta adoru,p
otimo banco sou cliente meses agradecer,p
verdade bruno gente,p
faco encerrar conta banco BancoC,n
fiz compra cartao deu compra efetivada sucesso  carrao bloqueado nao entendi,n
brasil triste espetaculo,n
marcos yukio itao valeu marcos,x
sabe,x
triste,n
comeca aprovacoes,n
eusouBancoC,p
acredito mito pessoa,p
obrigada atencao uso cheque pergunta,x
beber case,x
banjo foda,x
cara cancelei conta bancos deixei onde pinga salario cartao credito uso fintechCartao banco definitivamente irrita querendo passar digital  olhar falou,n
obrigado  ligar,p
acho chato pagar emitir boleto,n
zenfone selfie,x
suelen luciana,x
dizendo devam aprecar correndo risco entregar app meia boca app cadastramento inclusive caso tirando fotos totalmente distorcidas dizendo minimo pessimo comeco apressado cadastramento pessoas seriam especie testadores servico formadores opiniao,n
mao criar conta possivel cartao credito fisico,x
puxa queria estar,n
arrumou cel,x
nao recebi email ativacao token nao consigo desbloquear cartao conta,n
show viva samba,p
bruno viuira cara viu,x
amor tatiana arrais olha chaw coreano fdp maluco engracado,x
chow the best,x
melhor conta tive digital gostei mucho mucho falta depositar cheque conta otimo,p
fim,x
vao trabalhar credito,p
ate momento nada reclamar certinho amando banco top,p
comigo,x
respeito voce amigo samba casa somos bombas berco sou sobrinho jorge aragao abraco sucesso show,x
pena cancelar conta cartao nao chega,n
acabei enviar obrigado,x
orgulho,p
quero saber judites vao continuar sou cliente produtoa desde jun atenciosas prestativas,n
noite vao oferecer investimentos cdb lci,p
vao pagar conta primeira compra,n
massa falta disponibilizar limite cartao,n
kaah vieira,x
viu taxas quero prefiro medianato fintechCartao dois completa,n
sandriny nascimento yasmin nascimento,x
igual cartao credito governo bancos chamada venda parametros burocraticos estiverem alinhados junto bacen demais instituicoes existe possibilidade transacoes cartoes aguardar demorar pouquinho aprovar vera diferenca euconfioBancoA,p
novos pensava ansioso,x
salve diogo,x
boa banco BancoA valeu agilidade resposta ansioso,p
vcs tbm excelente ano venha sucesso gente,p
semana veremos,x
the killers duvida ingresso comprado BancoB lindo,p
meio bobo,x
paguei contador zerou pensei mil seriam aprovados nada ansioso define,n
rafa lluiz rafael schiavo carvalho,x
negativa fria analisamos documentos dar abrir conta abracos,n
lindo desde embalagem cartao parabens diferenca,p
acho engracado gordo,p
melhor banco uso recomendo,p
zenfone android acontece,x
cade meu,n
ficou top mega curiosa,p
aguardando ansioso aprovacao cadastro,p
ola fiz pedido ate momento nao disseram nada,n
pam moura olha cara believe butterfly,x
gabriel fernandes,x
melhor,p
contar cadu parece recarregar cartao cobra taxa,n
bom arrasou,p
aline viergas,x
adianta vou lana menos the  christine felipe,x
semanas esperando,n
alguem sabe tempo pontos cartao BancoB creditados pontosbandeira paquei fatura nada pontos,n
anderson sousa paulo transportadora terceirizada entrega,x
espero realmente funcione banco BancoC burocratico demais,n
podem embora,n
acho trabalhar cheques servico cartao credito limita utilidade conta,n
prima solicitou abertura conta dias tera resposta,n
larissa tuxa olhem,x
musica,p
creio,n
italo tavares,x
felipe verna jorge ben divone lara,x
banco BancoC decidido pat,p
cartao chegou rapido nao consegui entrar contato saber funciona mensalidade anuidade,n
banco BancoC aprovada hoje apenas saber funciona obrigado,p
oi amo,p
aprovacoes apoio,x
ken jeong sp BancoB gente,n
tempo medio retorno,x
joao vitor,x
sintonizados,x
espectativa,p
putz falta incluir terminais fisicos atendimento pensou caixa hrs porem BancoA,n
baixe app faca cadastro abra conta,n
sou cliente faltando cartao debito comentarios,n
raymon pizziolo galera abriu conta recebeu convite hora abre conta credito recebeu credito somente debito,n
banco BancoC sucesso banco,p
deus mulher dorme formol maravilhosa,p
noite passada sonhei voce,p
dias sei fui aprovada quero cartao demora,n
parabens humildade,p
preciso cartao nao consigo aprovar preciso livrar concorrente branco azul unico servico manter demais line vcs obrigado,n
quero arena BancoC paulo,n
mario sergio,x
tirar foto hora cadastro app trava fecha,n
serio,x
sou cliente duas semanas sucesso banco frente tempo,p
cartao chegou ontem obrigado atencao,p
precisa desligar celular ligar novamente fiz iphone deu certo hoje fiz atualizacao deu,n
lindo samba,p
evento curitiba,x
cara fabio ruan,p
gostaria saber fatura cartao casa gente,p
ata entendi,p
vou testar,x
classica ate emociono,p
luxo samba primeira,p
luiz rafael schiavo carvalho,x
bosta,x
cartao chegou hoje cadastrar nova senha estar cadastrada senha entrar app banco,n
danilo vaz,x
banco BancoC bora,p
hora amei,p
aguardando convite,p
aprovo,p
faco parte casa,p
justo,x
guilherme mochon alexandre rezende carlos eduardo bettanim viviane santana levy berto,x
atendimento pessimo solicitacao conta mae fez ate hj deram resposta,n
tempo mandei dados nao obtive nenhuma resposta mando mensagem nao responde favor cancelar analise agradeco obrigado,n
barato,p
aplicativo galera pira,n
comecam aprovacoes,n
sou cliente BancoB sucesso,p
toninho geraes,x
gabi espero cartao credito BancoC problema qeum entrega nao banco,n
aprovem marotos,n
massa show,p
liguei atendente nao excluida pediu cancelamento exclusao falou aguadar retorno vcs,n
baixando app aprovam,n
obrigado,x
daniel chg,x
esperando novidades,p
premio meses nada,n
conta ativa,x
natalia nogueira olha,x
uso faco propaganda pedirem ,p
banco BancoA consigo baixar aplicativo aparece mensagem dizendo territorio nacional,n
fiquei tenso aprovacao fiz vestibular primeira fui aprovado tenso tambem,x
certeza,p
acontece contador zerar,x
amor BancoB,p
sabe documentos necessarios preciso maos,x
lindo talentoso,p
sei adoro banco,p
ficou pelado,x
pensei teria beber case brasil,x
pensava memos tempo BancoB vices negaram,n
vergonha nao dao limite movimento nada limite mentira indignado inbox nao respondem nada,n
app,x
vim ler comentarios travava consegui entender BancoB,n
queria funcao credito nao pagar presente criancas,n
guga stocco continuo aguardando vip viado,x
segundo freeza aprovacoes saem minutos,x
adorei,p
show,p
bom adorei dois amores,p
pedi recebo nada tempo demora,n
bancoTA querendo vender produtos servicos lucros aposentados acabou banco serio porcaria limite mil reais deu anos ficou pedindo aumentar nada,n
vinicius jacon mano consigo parar publicacao pqp,x
troll fumaca nenhuma faisca parece bom verdade respondem fato aprovarem contas,n
quase nada cartao nao consigo acessar chat,n
boa,x
boa noite showwww,x
fera parabens diogo nogueira,p
achei engracado,p
mito,x
linguagem descolada mores favor,p
saudade brasil,x
vale pena taxa reais,p
diogo nogueira,x
john medeiros,x
marcelo oliveira,x
nimim BancoA,x
obrigada convite adoro diogo nogueira verdadeiro espetaculo parte,p
ola nao consigo ativar conta email cadastro ativar dado incorreto liguei central corrigir quase dias esperando contato setor atualizar dado quase desistindo,n
video incrivel,p
otimo banco,p
desanimou,n
banco BancoA vantagens transferir conta salario taxa juros maiores percentual,x
melhor voce troca endereco facil pagar cartao credito BancoC,x
papai,x
recebi hoje cartao gostaria saber faco ativar funcao credito desbloquei funcao debito tranquilo porem credito inativo,n
liberam credito faco movimento conta correte duas enteresse limite,n
conta ok duvida cadastrar contas debito automatico,n
cadastrei esperando conta ativada,x
falar banco BancoA mal conheco considero pacas kaah vieira,p
lana rey,x
forca barra caras tentando resolver,p
comecar,x
alguem convite enviar solicitei site chegou nada,n
fechado,x
augusto daniela,x
esperava analise documentos pede minimo dias durasse dias teria cartao maos teria comprado algo vao nada obrigado,n
informo liguei numero nada,n
puro talento,p
arraso,p
top top,p
brasileiro esperam banco banco BancoA pratico simples taxa cartao credito banco seria nota,p
verdadeiro artista pura raiz,x
espetaculo,p
emily fernandes ,x
joanna,x
BancoB brasil manda periodo estimado tempo,p
achei sbnc brasil,x
lisa,x
conta gosto,p
email,x
arrasaram muito,p
atraves,x
complicado usar aplicativo abrindo fica banco consigo cadastro,n
dias esperando contando,n
contas saem,n
ramon henrique,x
fiz cadastro lancamento sou cliente produtoA nada aprovacao jegue,n
aprova quero testar sair bancos convencionais,p
giancarlo guarnieri,x
simplicidade pura,p
demorou chegou lindos,p
fica dificil,n
sensacional nogueira zica,p
banco BancoA conseguindo realizar conexao tento efetuar cadastro,n
espera aprovarem conta,n
chamei pv puder responder agradeco,n
esperando,x
diogo,x
quero desbloquear cartao,n
olha chegou hj,p
aline mello olha chines filme beber case huahuahua,x
bom mim melhor banco digital,p
verdade,p
espero aprovem vejo hora desfazer bancos afinal banco BancoA tera taxinhas  tempo banco ira ficar melhor produtoA evoluiu dinheiro deposito aguardando aprovacao,p
adoro alan engracado filmes beber case,x
mayara esteves ficava loca,x
alberto filho abrindo franquias,p
banco BancoC boa noite atendimento ruim chat fez povo esperei quase hora atendido fui ate atendido nisso fila comeca crescer segundo virei terceiro virei quinto virei oitavo achei absurdo tentei email email nao dava erro nao sei erro nao consegui enviar tentei telefones sucesso nao consegui ativar token queria informacoes queria informacoes possibilidade cartao credito nao justifica conta funcao debito debito uso conta onde recebo proventos perdi paciencia fui insistente voltei fila fui novamente fiquei ate consegui atendimento solicitei cancelamento interesse servico banco banco nao teve interesse mim cliente,n
obrigado agradecido,p
queria estagiar banco BancoC visita,p
aprova usar,p
erico curioso conhecer,x
quero foto,x
cocainaleslie chow,x
esperando aprovacao maneira,p
recebi convite manha espero demora aprovacao envio convite,p
conhecer banco BancoA usou,p
quero cartao credito,n
incrivelmente incrivel  sobral sorte nao visto raiva,p
ano comeca aprovacao,n
BancoB brasil ok  aguardar dar voto confianca,p
previsao novas contas poderem abertas,n
rosa samba amo,x
pena tarifas recursos estrategicos recarga saque transferencia tirem brilho novo banco espero possam oferecer limites gratuitamente demais contas digitais,n
trava parte revisao confirmo app fecha erro,n
aprontar heim amor marcio silveira,x
vc chega baixada santista,x
comentario fala serio,x
cheio BancoA aprovacao saque BancoA fica pusando  certo,n
diogo show primeira,p
boiola,x
danielle rodriga viegara propagando banco show,p
bruna popovane,x
banco veio arrasar atracao aniversario,p
nao sou cliente BancoC nao  perder nao,n
denyse silvia temos concorrente caminho,p
cadastrei vao aprovar perigo acontecer,x
faltou sarra pedro paulo,x
BancoB brasil responde chat BancoB atendimento pessimo,n
problema saio entro novamente vou verificar dados preenchidos errados dados faltando infos trocadas fui novamente parou total lance exposicao politica aperto continuar mostra tela frente colocando opcao falta algo baita cadastro ficar voltando saber rolando,n
pensem carinho,x
comeca,x
nao abre fica dificil comprei frejat amanha queria bailinho hj,n
espera kaka,x
pearl red hot,x
lindo,p
linda,p
diogo abrilhantando dias,x
fiz fintechCartao recebi menos dias,n
maravilhoso samba primeira pagode bom parabens diogo nogueira pai filho legal paulo martins,p
uang,x
dar tempo virar mestre pokemon contas saem,x
maria cecilia miclos olhada,x
sei divulgam aprovam,p
vao comecar aprovar cadastros,n
cara totalmente diferente BancoA vau banco totalmente digital fintechCartao cartao credito totalmente digital BancoA faltando deixar processo financeiro digitalizado fintechCartao preciso bancoT pagar conta BancoA vou precisar bancoT concorrentes verdade complementam formar mercado completamente digital genial ofuturoestachegando minhavida financeira totalmente digital e pessoal,p
nao consigo desbloquear cartao liguei monte resolve saco,n
vao liberar contas,n
prazo,x
felipe romao sarah guia freitas olha aparece,x
olha otima noticia,p
obrigada verdade,p
quero dizer amigo exemplo coloquei reais objetivo tive emergencia preciso retirar reais poderei retirar somente  reais objetivo terei retirar reais integralmente,p
falta contas pras mil ,x
tayane souza fatura chega correio onde pagamento vc informar pf meia perdida obrigado,n
cassion abatti meu cara vtnc,x
esperando,x
ki legal,p
dias nenhuma resposta conta,n
zerou agaurdando aguardada liberacao,n
poxa BancoB chegou codigo decepcionado pagar taxas funcao credito poxa resolvam dando polemica assunto render mau,n
olha roberta drumond,x
ngm gosta,n
souBancoC ate dado momento nao tive quer unico problema entao pontuacao,p
funcionou etapas pede digitar cep proxima etapa enderecos cep estar preenchido digita dados endereco botao enviar fica ativo solucao apagar cep cima digitar novo enviar funciona apenas dica possam analisar obrigado responder,n
lindo atitude diogo nogueira,p
sou BancoC ate gostando,p
blz obrigado resposta sei seria possivel seria tivesse guia conferir fatura cartao app gerenciamento sei fugiria padrao aplicativo bancos seria proposta diferente acontecesse seria bom seria diferente bancos atuais,n
mal inaugurado cheio reclamacoes aberturas contas agilizar gente,n
juan,x
valor saque alto certeza teria pedido,n
debora beber case,x
site,x
naque escolhe valor quiser aproximadamente acordo disponibilidade caixa hrs primeira gratis segunda cobra engano,x
amei banco BancoC banco perfil,p
falta liberar contas,n
lindo mil beijos,p
questao tempo terem funcao acho clientes movimentacao contas vao emprestar credito,n
abrir conta rapido burocracia cartao chegou fiz desbloqueio usando porem limite credito nao consigo solicitar limite erro,n
recebi senha eletronica cadastra nao conseguindo cadastra fasso,n
chega,p
almeijam BancoA ngm aguenta esperar favor acelerem,n
adorei banco BancoC deram limite credito alto banco bancoT muxiba muquirana mao vaca,p
BancoB brasil esperando convite,p
valeu,x
valeu banco BancoA aguardando liberacao,p
vao aprovar,n
curtindo   mudei celular parto desbloquear novo chat praticamente funciona tentando horas,n
ctz,x
diogo stipp quer comer shaw,x
falar facil quero abrir contas aguardo meses,n
banco BancoC poxa queria aproveitar vantagem correntista show hoje,n
changa,x
aguardando convite lindos,p
rafael carelli,x
tempo falando liberacao debito parar promocao debito automatico ano gratis,n
BancoB amor deus atualizem app usar atualizei cel app abre aparece,n
amando conta souBancoC,p
fernando,x
jaqueline souza jaqueline sabino meninas leandro,x
cartao internacional nacional,x
top acho sortear clientes participarem festa lancamento,p
anderson boaventura voce chegou entao entrega correios meio fiquei duvida correios creio nao entrega noite,n
cartao pago credito,x
desconto,n
breno henrique autozuacao BancoA,x
brabo,n
enzo,x
liguei central agradeco colaboracao certo,p
banco BancoC vou acompanhar viva samba,p
sampa rolar nada,x
ingressos comprados,x
agiliza app windows phone quero usar,n
gostei cartao funcionar programa pontos,p
alessandra peixoto,x
preciso esperar noticias e-mail recebo nada quase desistindo procurem cadastro vejam fiz contato,n
banco BancoA pretende,x
trabalhando trabalharam lancar banco estar,p
bruno israel conversamos almoco,x
aguardar,p
achei hehehe valor plano mensal,p
vini takacs,x
aprovar contas bom cade,n
amanda santos yara saroka BancoB japa desde,p
banco BancoC,p
deus chamo voz abencoada deus,p
conta aprovada sms chegou email possa acessa,n
tentando abrir conta app chega parte pessoa politicamente exposta trava algo errado alguem passou,n
colocado lolla objetivos BancoB ficar facil irado,p
alguem lembrou artur seidi hamada,x
sou BancoC feliz,p
parabens vcs demais,p
aprovado soquenao,n
cartao sou cliente meses nao credito deposita dinheiro credito debito qnd abri conta pensei teria credito aprovado nao debito dinheiro conta ate desistir tanta usar,n
bom gosto,p
aline cristina chelotti vieira,x
BancoB brasil realmente conta digital satisfeito detesto banco acredito jaja digital avancando xo agencia,p
elison lira,x
rafael oliveira esconde ouro leslie brasil,p
limite credito vao liberar,n
ubirajara batalha veja,x
apaixonei,p
respeita parte fogo,x
diogo nogueira samba primeira qualidade,p
nao aparece somente andamento,n
BancoB brasil hj redefinir ajustes iphone aparentemente resolveu problema conseguindo acessar app,n
cartao debito ,n
fui atendido galera vao amar banco recheado dinheiro banco recheado gente gente busca melhor,p
pena maior idade,n
fiz,x
jessyca costa,x
bruno incompetencia relatos google play recente incompleto produto pronto entendi razao iniciarem processo estarem preparados,n
anne dias cara veio,n
nao reclamar tbm tive probleminhas comeco senha liguei super atenciosos comigo espera cartao,p
banco BancoC completamente satisfeito vcs,p
aguardando aprovacao conta,p
bacana cartao credito bank,n
schau frio,x
banco legal BancoC,p
erik gabriel rocha,x
nenhuma assessoria imprensa dizendo BancoA fintech estilo banco BancoC esperar,n
entendi nada,n
banco BancoA data liberacao contas,n
shitake,x
show bola samba pagode roda samba bom,p
aguardo,x
diogo nogueira monstro povo ruim samba,x
efetuei cadastro gostaria saber proximos passos abertura conta obrigado,x
sou esperando meses,n
chamei responderam,n
jesimiel silva olha propaganda,x
rafaelly oliveira bora assistir diogo abrir comemoracoes aniversario sei meninas nao toparao vou agendando,p
rir,p
nao consigo desbloquear cartao,n
clientes produtoA terao prioridade,p
cartao funcionar uber produtoA funciona,x
aguardando,n
monstro sagrado diga passagem,x
certeza pokemon,x
fica dificil alem brasil maiores mercados wp market share,n
povo chorao,x
chegou conta analise,p
gostaria parte consigo solicitar abertura conta,n
jefferson ramos,x
melhor banco digital ate hoje parabens,p
falta consertarem app fecha reconhecimento facial,n
amanha show nando,x
enviei solicitacao nova senha atraves aplicativo celular nao resolveram,n
problema,n
gostar meses cancelar,p
diogo nogueiro surpreendendo,p
prazo medio ativacao ficou realmente vaga informacao,x
ola recebi cartao nao consigo desbloquear cartao token quase desistindo,n
infelizmente aquecer malhar,x
discordo bastante afirmacao,x
batucada malandro,x
show bola bola nao dar parar assistir,p
abro app processando dados semanas,n
tbm ate nenhuma resposta,n
danielle albuquerque coutinho lembro voce,x
fato cadastrar usar jailbreak iphone,n
togarmo,x
morgana lima veja,x
melhor banco melhor atendimento melhor feliz natal,p
robert lima mazafuka,x
quero imagine dragons bianca tenorio,x
lindo miuto lindo,p
silas vinicius oliveira,x
show simplicidade pura diogo nogueira,p
alem duas semanas solicitei convite,n
bora,x
liberacao marota rolar,x
sei ted eh ilimitado dinheiro conta temos realizar transferencia atraves banco bancoT cobra ted deposito boleto menos gente sai taxa absurda bancos cobram banco BancoC eh bom falta detalhes perfeito,n
cadastro perguntou municipio voto apareceu resposta correta,n
quero virar cliente banco,p
lancamento,x
diogo nogueira melhor,p
usava produtoA apenas pago porem venho noticia tomara aprovado vou usar banco principal,n
totalmente maravilhoso souBancoC amo,p
bom parabens ideia processo cadastramento intuitivo duvidas tempo demora aprovacao valor maximo emissao boleto deposito tempo apos pagamento valor entra conta banco BancoA planos empresa opcao cartao credito fisico opcao parcelamento ted docs bancos conta banco BancoA cobrados limite mensal aguardo retorno parabens,p
camila galvani olha video,x
diogo,x
acho usava produtoA prometeram lancar win morri esperando,n
geraldo henriques soares olha,x
melhor cartao fiz nao queria nomeO estampado cartao,p
maleta  ganha,x
diogao,x
banco BancoC obrigado voces demais,p
gosto trabalhar datas,p
tmb,x
canal nao resolve nada nao responde nada mensagem eletronica dificil,n
cdb engano,p
ate momento atendendo perfeitamente,p
ate quero kkkk,p
banco BancoC aguardando dias contato setor seguranca correcao dados cadastrais ate nada,p
homem bom,p
chance conta negada nesse momento apos cadastro envio documentacao BancoB avalia concede nega abertura conta,n
carlos guga gomes luciano melo santos jessica campos jaqueline,x
fintechCartao inventou cartaoconta saber,p
nada aprovacao,n
bom otimo recebi confirmacao abertura conta ate recebi cartao porem nao consigo acessar conta,n
conta nada cartao,n
virei BancoC meses atras apaixonei indico mundo,p
lolla,x
mentira filme,x
falta liberar conta sucesso,p
pokemon xx,x
voce diogo nogueira,x
credito curtir,p
ok legal obrigada,p
tudo,x
sou BancoC nao sou credito BancoC partiu cancelar conta,n
BancoB,p
matheus tentando encher cara,x
genial,p
indignacao bancoBancoC,n
ouvi dizer renda acima,n
sou,x
banco BancoA beleza ok esperando aprovacao,x
abrir conta esperar obrigado pior banco chama banco bancoTA,n
olha namorado maria jose rondina bia rondina,x
BancoA lancar cartao credito bandeira bandeiraA temos fintechCartao bandeiraB taxas falta bandeiraA melhor banco BancoA lancar,x
pokemon eleicoes natal,x
megashow,p
adoro,p
ola consigo finalizar cadastro  fotografar rg aparece mensagem o BancoA parou sai ,n
pecado,x
anessinha barros,x
anos planejamento,n
banco sou BancoC sou futuro,p
banco igual nao app Windows phone,n
vinculo fintechCartao,x
ok,x
tipo banco planejamento enrola possiveis clientes,n
nao consegui finalizar cadastro,n
banco BancoC vcs demais,p
opcao credito adianta quer quero compra parcelada nao preciso funcao credito,x
pagodinho,p
deixa entender deram tiro estardalhaco cadastramento app funcionando versao usuario final menos etapa avancada desenvolvimento,n
ruideglan lucena,x
acabei criar conta esperar hihi bom,p
julio,x
obrigado desculpe insistencia,x
esperando liberar novas contas,n
banco BancoC gosto adoro banco BancoC,p
pedi convite mandaram rapido consegui direitinho aprovado aguardando cartao BancoB fiz treis dias parabens banco BancoB,p
topa,p
abri nao tive direito cartao credito vou cancelar conta credito nao interesse varios cartoes credito banco BancoC nao liberou,n
BancoB brasil problema dividir debito hehehe,p
banco BancoA tenham cartao credito modelo tradicional credito prisao mundo moderno ,x
BancoB liberando credito debito,p
leslly chaw,x
show valeu,p
ola acho ajudar caso vc conta poupanca caixa possivel vc transferencia atraves doc faco desde abri conta banco BancoC lembrando doc cai conta destino manha seguinte espero ajudado boa noite,n
lindeza,p
banco BancoC recebi email respondi dados dois dias esperando retorno ate entao,n
ator maravilhoso doido doido  community mito ana carol rocha,x
ansiosa uh adeus bla bla bla,p
tengo miedo estos bancos uno atraza ya comienza calvariopara una pero inportante facilidades pago prestamos facil ayuda negocios conpra venta comodidad pago sea banco fantasma ayudar vivir,x
solicitei abertura conta melhor BancoC burocracia rapido app pede foto comprovante renda mil vezes melhor,p
bom BancoB recebi convite manda,p
parceira amarelinho fintechCartao,x
hoje dias analise horas decepcionado BancoB,n
pokemon sair liberar conta,x
ana attie olha,x
receber maleta brinde,x
banco totalmente digital,p
xperia  compact android,x
parabens trabalho diego nogueira,p
luiz henrique dangui rodrigo gatti losso,x
mandei email,n
diogo nogueira arrasando,p
fiz cadastro tempo receberei cartao obrigada,n
aaaaa heheh desculpe my bad verdade buscando opcao banco totalmente virtual fintechCartao encontrei plataforma app consigo antecipar pagamento fatura,n
alex ribeiro paulo barreto,x
legal falta voces pararem mandar sms dizendo faltando documento enviei duas vezes documento,n
alguem sabe dizer irao oferecer cheques,x
andre,x
maxion souza,x
maravilhso bom obrigada momento magico diogo nogueira homem simplicidade homem encanta,p
inscrito aguardando deferimento conta,x
andressa ramos obrigado andressa funcionou,n
conta deixaram abrir perguntei motivo respondeu tadificil,n
duas pessoas show bola bruno luca fernanda abreu,p
conseguir BancoC,p
fintechCartao pedro afirma ouvir comparacoes frequentes categorico nada cartao credito somos conta digital embora pense oferecer produtos credito futuro BancoA trabalha opcao pedro extremamente contrario odeio credito passa desorganizacao financeira trazer inumeros problemas categoricamente,n
povo burro sabe identificar campanha marketing,n
alguem consegue receber comprovantes pagamentos enviados email,n
lucilene angelo olha,x
jessica rodrigues silva entendendo pq quero,x
fintechCartao melhor cartao unico problema aceitar sorte,p
exatamente banco medianato melhor limite servicos podemos sacar transferir vontade pagar nada alem cobrarem emissao boleto medianato tempo mercado desde atuando mercado credito investimento experiencia,n
tera cartao credito bancoTB tenso,p
sensacional,p
tentei duas vezes nao aceitaram abrir conta,n
monstro digno pai,x
amor deus responde inbox,n
pegada,x
responderam apagaram denuncia,n
paloma alencar vieira canso assisti,x
banco BancoC podem agiliza aprovacao conta,n
pediria aplicativo windows phone,n
nao deu certo,n
ola fiz nao consigo,n
fintechCartao apenas operadora cartao credito presta bom servico BancoA funcoes banco  cartao credito,p
humm,x
sonia ramirez ivonete fernandes tania marcia silva janaina abdalla alesandra lucia,x
agencia deposito receber depositos posteriormentes,x
vida rj  nao levar assistir ,x
queria tivesse terceira guerra mundial bando ipocritas deixarem tanto,n
raquel lima,x
seria rapido cef abrir conta,n
caso cartao chegou mano nao chegou droga senha email ate ligo pedem senha nesse email,n
tempo descobri medico,x
bruno kruger shawww,x
sabe novo madrugada resolva aparecer,n
recebi agradeco,p
tirem duvida cartao credito debito,n
quero dias,n
certeza emocionante,p
consegui acessar conta porem triste credito limite aparece zerado,n
abri conta certo fui entrar hoje aplicativo nao consigo celular restricao nao consigo falar canal atendimento,n
vc conseguiu cartao fintechCartao tentei vezes nao consegui rs,n
entao banco BancoC puderem analisar alternativa deposito seria favoravel clientes,n
maluco ficar vacilacao receber cartao valeu,p
funcao credito estar inativo,n
pasou dias nada cartao,n
vcs parabens moro paulo boas nao distancia apreciar,p
gente nada medium acho plataforma fantastica empresa propoe banco usaria plataforma gratuita publicar conteudo valorizando tanto imagem conceito marketing minimamente blog publicacao conteudo acho tirem taxas saque piores mercado,n
parece legal,x
loco samba ,x
melhor banco BancoA,p
problemas comecou acham cadastro,n
conseguisse utilizar convite,p
gabriel bruna,x
top lindona ana paula padrao melhor adoro banco banco,p
cade gato,x
olha eder,x
pena cartao bandeiraB gold nao tecnologia contactless propaganda enganosa,n
finalmente banco verdade nesse pais melhor banco melhor atendimento duvida possui melhores opcoes investimento souBancoC,p
cobradas tarifas mensais manutencao conta corrente escolhi plano ate meses nao fui debitado nao levem mal louco pagar tarifa rsrs,n
acho caixas eletronicos ficam capitais sistema deposito atraves boleto facilitar clientes,n
ate nao chegou gmail,n
consegui resolver problema infelizmente pedido negado nao sei motivo nao nenhuma irregularidade nome pena fica proxima,n
banco BancoA samsung duos versao sistema operacional android,x
elis nogueira,x
obrigada pessoal podem esclarecer fica tarifas avulsas escolhi modalidade conta queria saber caso queira mudar pacote possibilidade,n
uso debito libera funcao credito mim,n
banco BancoC numero,p
banco BancoA fui site celular reservar ideia volta,n
pessoal aplicativo funcionando,n
rapaziada fiz ontem pedir convite BancoB,p
bruno franco,x
thiago nascimento ficando famoso hein ,x
esperando comecarem aprovacoes,n
melhor BancoC,p
marquei ontem quase morri sorri,p
amor,x
lindo demais,p
conseguiu banco BancoC,p
anao precisa mandar,n
tiver taxa vou deliciar nesse banco,p
feliz natal,p
mercado querem cartao caracteristicas BancoA,p
somos BancoC,p
maravilha hein nao precisa bom samba,p
legal descricao pior li camera revela ator misterioso ken jeong continua misterioso,x
nao falo respondi,n
lindo demais bom,p
bom,p
cris caio sei gostei video tata,x
vcs pede preencher,n
ok app bancoTA acompanhar movimentacao dinheiro pago sacar transferencias bancoTA bancoTA conseguem melhores,n
amiga buzios,x
pena fiquei avise aonde proximo,x
satisfeito servicos bancoBancoC alias superou expectativas solido relacionamento faltam banco enviar case BancoCcase iphone carregadorportatil BancoCpower powerbank logo instituicao financeira afinal nao custa nada mimo satisfazer cliente investidor meuBancoC sejaBancoC bancoBancoC souBancoC,p
infelizmente passou dias voces mandar codigo rastreeamento algo parecido fica facil acompanhar,n
feliz conhecer BancoA ouvido falar produtoA patricidade relacao prepagos empresas fiz cadastro hj confio totalmente banco espero aprovado,p
desconto cartao,p
nao,x
igual BancoC abre conta rico dara certo parece proposta BancoA aguardar,n
thomas henrique reclama BancoC sabe respondem algo posta denuncia,n
demorou,n
melhor banco parabens BancoC,p
e amigo complica meio campo pensando abrir tbm,n
bom deu certo,p
poise conta cartao td certo consigo depositar pq agencia cidade vou aguardar tempo funcao credito estivesse ativa estaria usando normalmente caso estaria pagando fatura vou aguardar desde agradeco,n
mr chow,x
nao liberaram credito mim creio vao liberar movimentando conta tive probleminha token resolvido gostando banco principalmente investimentos oferecem,n
encontro,x
robson souza olha final,x
banco BancoC ligacao gratuita demais localidades,p
simplesmente sensacional,p
disponibizacao contas,n
foto cartao entregue maleta padrao vao receber cartao media tecmundo compartilhar,x
gorduxo,x
maysa leone quero,x
prazer vc dar pessoas,p
tentando acesso porem coloco cpf senha mensagem ocorreu problema tente tarde,n
junior rodrigues Wesley oliveira olhem mito,x
aguardo nao levando,n
ate hoje cartao nao chegou nao liberaram cartao credito,n
dias espero atualizar numero novo desbloquear cartao nada passou prazo,n
poxa banco BancoA fiquei curioso,p
liberar contas bom,p
sou BancoC,p
falou aprovado misterio,p
cade app windows phone,n
chateado ate nada cartao,n
ranna karine barros chao,x
pq voz linda gente reconhece fabiana marques,p
ansiosa,p
fiz cadastro semanas recebi retorno pedindo envia novo comprovante endereco documento enviei recebi retorno,n
infelizmente fui cliente pedi cancelamento nao aprovam,n
maletas entregues clientes,p
tb falta liberar credito cartao,n
bom saber existem pessoas jovens atualizadas lutam futuro onde palmas maos parabens bem vindo bancoBancoA,p
igual,x
enrolacao hoje esperando comecarem liberar contas nada,n
pena,x
viny psoa assiste,x
baixe app abra nenhuma conta,n
tomara verdade realmente bom,p
nancy sinatra how goes that grab you,x
curso publicidade surpreso banco respondido possuem tatica mkt digital,n
codigo banco BancoA,x
facilitar credito,n
lindo qualquer jeito lindo,p
pena bug consegui estar mil primeiras contas ruim,n
insatisfeito ate nao liberaram credito,n
maximo show lindo,p
contrata android,x
fiz ontem aguardando ansioso,p
samuel cefalo lembra,x
iniciaram aprovacoes conta enviaram e-mail video,x
apaixonada banco,p
abri medo movimenta nao cartao caso nao consiga resolver online,n
dourados  monstrar pagode povo vem,x
verdade,p
recebi nada app bugado,n
banco BancoA amei trocando hoje jajaj cadastro y adeus caixa,p
barulho conseguindo atender demanda ,n
presente,x
saberei terei funcao credito ativa,n
gente cade aplicativo appstores internacionais conta inglesa irmaos americana disponivel,n
enviei inbox,x
achei tocasse violino multi instrumentista sensacional,p
banco BancoC otima noticia obrigada,p
proposta fato cartao debito credito plastico otimo locais aceitam credito cartao virtual comprar online credito putz melhor,p
banco BancoC ok obrigado vou movimentar conta tomara voces liberem credito mim,p
BancoB chatinho disponibilizar credito escolha consumidor produto inovador jovem pior tradicionais velhos ruim opiniao,n
duvido bom cartao credito,x
banco BancoC deixar obrigado,p
anunciado estivesse pronto critica construtiva,n
gente recebeu recebi consta cadastro,n
cara loko,x
recebi cartao nao consegui desbloquear,n
vao disponibilizar documentacao geracao boletos externo site banco,n
cade aprovacao,n
anunciaram faltando conta cobra doc ted libera cartao credito igual bancoTA app cheio bugs bom demais,n
Diogo vc show,p
gabriela flores althoff miga parece dancando,x
quero convite exterior faco conta,p
filme transfomers cai janela,x
vou abrir conta nesse banco,p
sei boa tarde vcs nada satisfeita correntista BancoC,n
poxa banco virtual resolver problemas ligando gente rj sofre ligacao interurbano,n
sou cliente produtoA consigo migracao,n
gostaria cancelar faco,n
consigo terminar cadastro app coloco cep fica desabilitado enviar,n
ronald melo rodrigo,x
aposto ideia completarem mil clientes liberam,x
dolores pinheiro airton pinheiro daniela ianhis,x
cade,x
quero cancelar conta centavos nao,n
jean kesler nunes kra demais,p
realizar saques terminais eletronicos rede horas,p
diego rodrigues alderico rodrigues,x
povo clama,x
adorei playlist BancoC favor tragam arena BancoC paulo,p
entendi,x
seria otimo rh respondessem email,n
acho liberaram debito,p
obrigado curtir comentario avise possivel estarei nesse evento sensacional,p
super recomendo banco BancoC melhor ate hj rapido facil flexivel super atencioso focado melhor clientes sou BancoC,p
felippe ferrao,x
pagode gostoso,p
nao consigo assesar conta,n
alguem convites enviar,p
matheus tavares olhada pagina banco gostei taxa anuidade entender bom,p
dina,x
diego cruz guilherme,x
vou chamar voces,x
quero parabenizar banco BancoAo BancoC abre conta rico informar pouquinho exemplo classe formada milhoes pessoas gastaram  trilhao movimentaram credito brasil somada classes juntas movimentaram trilhao reais falar hoje cerca milhoes brasileiros possuem conta bancaria parabens BancoA crescam startup produtoA banco BancoA banco BancoA fontedata popular serasa sindicato bancarios,p
facam aplicativo windows phone,n
verdade dificil BancoC BancoC nada rico,n
colocando senha correta logando ok obrigado atencao,p
consegui obrigado axo falta informacao app abrir conta acessar conta apos confirmacao aberta obrigado atencao,n
vou receber cartao naquela maleta,p
modelo negocios incrivel,p
aguardando nesse meio,n
ola gostaria saber faco colocar foto perfil tento aparece seguinte mensagem falha redimensionar imagem satisfeito banco pratico totalmente digital fico feliz BancoC,p
cara pandeiro  falar,x
agilizar aprovacoes galera,n
cartao chegou rapido acho bonitinho exemplo BancoA simbolo categorias preto simbolo verde BancoA ficaadica,p
show bola,p
real fintechCartao so cartao credito BancoB banco digital completao,p
surpreendente parabens banco BancoC amei,p
pergunta dificil dizer,x
quero saber,x
concordo,x
tempo acho melhorar taxas boleto transferencias interessam tanto boletos,n
vou abraco,x
espetacular,p
faco parte produtoA tive novo cadastro,n
nao  conhecer obrigada,n
libera cadastro,n
aprovacoes demorando pacaramba,n
pedi esperanca,x
debito,x
engane trata bancoTA entender cancelamento limite enfim pago usei cancelo,n
cartao  credito BancoA cartao credito virtual desconta debito,n
pensado alternativa encontrado informacao site obrigado atencao,x
viu mano BancoB sensacional,p
absurdo,n
banco top,p
quero saber tel onde ligo tirar duvidas cadastro aplicativo pq tentei nao passa tela tela assinatura,n
insatisfeita preenchi formulario solicitacao negada,n
entendi mano,x
eba,p
entendi boleto mandar dinheiro conta cobrar clientes qualquer forma emite empresa emite acima  mes tarifa fica acima valor mercado falar particularidades exemplo taxa emissao baixa cliente pagar boleto gerado pagarei tarifa possivel integrar geracao boletos sistema atraves api enfim varias duvidas,n
data prevista comecarem aprovacoes contas BancoA,n
martim francisco andrada,x
idolo amodoro vc diogo nogueira,p
rafael augusto culpa java,x
eder christian y,x
thiago monteiro,x
 relax banco BancoC charminho,p
carinna oliveira,x
valquiria show disfarcado,x
banco BancoC sabem falar merda demanda porra querem banco clean atendimento pessimo,n
recebi convite obrigada,p
falta,n
jully ane martins,x
exatamente vale apena,x
acho sabem,x
sacanagem paguei conta paga parar semanas soubesse vc conta BancoC nao reclamar vou passar movimentar voces,n
bruno martins picoral olha propaganda,x
fodaaaa joyce milla sousa,x
banco BancoC obrigado estranhei tanta demora,x
menor abrir conta,x
rafael ramos tenta cell fiz zenfone funcionou tentei moto g,x
sabrina avila,x
giselle franco,x
nao adianta nada  esperar vinte anos banco consiga entregar cartao ate,n
tipo igual fintechCartao quero dizer,n
joao gabriel santos silva jeito,x
olha amor rodrigo borges atracoes irmos,x
vejo hora livrar bancos convencionais migrar vida financeira,p
consegui,x
desespero aprovem favor,n
leticia galvao,x
max egito olha top,x
numero nao existe,n
foster the people,x
pedi gente pedi aceitar bom cade,x
gentileza queria saber aprovado cadastro nao cancela porra meses esperando ate nada  processar voces mentiras ilusao,n
banco BancoC feliz ano novo tbm,p
consigo finalizar abertura conta,n
BancoB brasil banco top impossivel,p
realmete ambos casos constrangedores continuem proxima mandem transferencia viro antonio facim facim pushdedirecionamento,n
carregar conta boleto evento transferir dinheiro banco pagar tarifa conta digital estiver dentro pacote assina,n
quero,x
gostaria saber farei deposito cheque,x
define,x
fala galera olha recebi presente aniversario galerinha BancoB recebido presente banco fatura cartao pagar novo obrigado galera atendimento,p
inusitadas surgem ideias ansioso BancoA chegar,p
BancoB brasil cade novos parceiros mimos mencionado nova versao app,n
libera contas amor deus,n
fiquei feliz consegui desbloquear,p
olha resposta marcio voce enviar cpf possamos verificar acontece ajudar,p
dois esperando tempo,x
monte gente reclamando relato banco pensou possa erro vcs nao conseguem abrir conta abri conta  dias uteis recebi cartao dias uteis veio credito liberado preciso atendem chat telefone sou especial obvio nao sou apenas milhares clientes porem ate momento feliz banco BancoC souBancoC,p
mandei novamente inbox,n
ator filme fez,x
taxa apenas tecnica evitar contas fantasmas gente cadastra empresa gastar dinheiro emitindo enviando cartao acaba usando nada doq banco oferece super justo,p
banco BancoA beleza obrigado retorno fiquei duvidas quiser sacar dinheiro usar caixas horas banco receber salario conta,x
cara comedia,p
Wellington schimith,x
banco conta corrente entendi,x
tira onda,x
raiva achei algo util nao dando desbloquear cartao jeito chat nao responde imail nao responde tedio  solicitei credito nada reaposta decepcao viuh,n
aguardo espero gente windows mobile winphone geral fica cartao unica oportunidade fintechCartao app sistema ficar experto nisso pegar publico win fintechCartao aprovado quer cartao tipo disponibiliza,n
adorei,p
apaixonado banco promovendo cultura,p
caso conta substituir bancoTB,x
gente digam exemplo receber salario conta BancoA,x
guilherme barros chuta lembrei shawn,x
jessica vilete,x
anos liberar convite banco digital demoram caixa,n
sexta feira porto maravilha acao banco BancoC cantou hora graca,p
aprovacao nada,n
wemerson silva,x
desde antigo produtoA vao criar app wp acho burrice qualquer empresa fechar olhos plataformas wp milhoes usuarios vezes opcao cartao tipo app plataforma espero faca algo win mobile conquistar clientes,n
funcionar uber,x
ui ansiosa,p
precisa aprovar,n
semana,x
obrigado respostas,x
pyong lee,x
banco BancoA forma circunstancia ira acontecer aprovacoes dentro mil unha tanta ansiedade,n
amor diogo nogueira,p
o alegria contagiante adoro,p
chown cara mito,x
custa definir data comecar aprovacoes  ano fala,n
espero taxas baixem,n
banco BancoA sei maximo simplificar servico eliminar taxas confio trabalho afinal sou cliente produtoA,p
dois,x
prontinho chamei,p
thaayy propaganda falei amor,x
banco custodia onde dinheiro fica guardado acredito seguro,p
amor BancoC bom,p
feliz ano novo voces,p
abri conta dias porem ate hoje cartao nao chegou favor informarem codigo rastreio nao adianta mandar ligar suporte numeros nao funcionam funcionam nao reconhece cpf,n
grupo selecionados pessoas,x
banco,x
BancoC,p
vcs mandaram cartao mim libera nada entao nao mandando,n
pior estreia pokemon aprovacao BancoA,x
irao trabalhar cartao credito ansiosos,p
maximo,p
percebi problema comigo utilizando beta clico solicitar recuperacao senha nada acontece,n
demais,p
comparar BancoA bancoT pessoa costuma viajar bastante tipo vantagem haja horas certamente agencia bancoT,n
alguem aprovado,x
nao restricao nenhuma compras valores altos cartoes pago nao aprovaram perda tempo,n
paulo,x
abre conta pessoa tiver nome limpo,n
sou residente exterior consigo abaixar aplicativo brasil faco abrir conta,n
banco BancoC respondi aguardando retorno,x
lucas gauzzi,x
achei espantoso irmao movimentar cartao entrou cartao credito liberado esperei segui recomendacao banco envie pagamentos pagamentoseguro negocio delivery banco pedir movimentar piada desculpa prefiro cancelar voces nao script entao resta cancelar valor vou tirar semana cancelo,n
emocao,p
boa tarde nao conseguindo anexar hp aplicativo faco enviar quero analise cartao credito,n
aguardando aprovacao,n
dificil batalha acirrada ,x
sinceramente esperava BancoB brasil ex fatura cartao tempo real app aviso sms transacoes demora seculos aparecer aba fatura sistema igual identico bancoTA toa usa numero banco bancoTA muda visual app cartao pacotes claro abertura conta totalmente online vejo nenhuma novidade vantagem mimos venda casada quero durante meses free mudar,n
lindooo,p
bom demais,p
terei resposta abertura conta,n
deus chow,x
mal esperar aprovacao,p
valeu pessoal vcs cobram taxas conta bancoT nao queria BancoC apenas causa credito fintechCartao segue aumentando limite,n
queria cartao credito deram debito,n
show banco,p
aguardo pessoal melhor forma inova,x
convite nao  perder obrigado detalhe nao recebi cartoes banco BancoC enviaram receber irei prazer obrigado,n
tbm nemhum retorno,n
sambinha primeira,x
banco BancoA deixaram ganhar cliente,n
celular perdido roubado quebra facil pc dificil backup pc ficar acessar banco hora totalmente inviavel rede caixa eletronico resolve  problemas ficar dependendo telefone quase ruim depender gerentes robotizados existem,n
banjo,x
arrumem site confuso entender ideia desisti hora pensar conta,n
magu gisa godo,x
depositos cobram boleto,x
acabei pegar kkkk vizinha,x
sabendo obrigada,x
gostei kit BancoB brasil favor decepcione app durante meses,p
gostaria saber,x
cartao credito,p
andressa almeida olha linda BancoB,p
boa tarde voces podem responder chat favor,n
zenfone android,x
passa exatamente igual,x
legal pediram serie dados hehe,x
usando produtoA produtoA help bancoBancoA,p
chown,x
esperar kassia cavichioli,x
paulo brill,x
tempo,x
lindos,p
recebi mensagem senha ate agr nada email nada cartao nao sei,n
liberado credito debito,p
nao liberaram reais mim estando nome limpo,n
tive credito aprovado queria verdade cartao credito maior vilao financeiro ideal usar minimo possivel,n
aguardando resposta,p
facebook reclamar acertam venho falar apos demora analise documentacao conta aprovada obrigado atencao pessoal comeco dificil,n
seria otimo rh empresa realondesse email,n
banco BancoC bloqueei senha token nao consigo desbloquear credito liga nmrs nao podem ajudar vcs ajudar emprestimo aplicacao nao desbloqueia nao usa nada cartao lindo preto bandeiraB bandeiraA belezura ajudem favor liguem semana consultor ligou desbloquear credito atendente nao conseguia ouvir desligou fim ano falta semana natal nao dinheiro nada favor ajudem,n
pacote ilimitado ilimitado teds saques etc conversa,n
viviane campos olha,x
lixo,n
negam mundo,n
esperando aprovacao,n
comecou decepcionou,n
nao funcionando nada apos perdi total acesso aparece app erro inesperado aconteceu tente novamente dentro instantes,n
otimo banco banco BancoC excelente,p
desisti chega parte tirar foto rg cnh simplesmente funciona aperto botao nada acontece,n
caio lui gente critica entende,n
feliz ano novo clientes socios colaboradores ano inovacao sucesso,p
pior duvida lilian conta digital banco raramente preciso agencia internet banking caixas eletronicas gratuito tomara haja novidades banco BancoA real ponto positivo agencia app hehehehe,n
recebi resposta chat suporte resolver problema grato,n
enviado aguardo Obrigado,x
super insatisfeita atendimento banco tntei abrir conta ligo analise chega email pede documentocomo comprovante resistencia enviei ate resposta ligo mando mensagens inbox sei aberta nao conta simples falar priorizar contato cliente alma negocio dificilmente frente,n
maravilha diogo,p
figuraca,p
usa fintechCartao brasil credito BancoA debito certo,p
acontece liberaram credito analise restritiva ficar tentando pedir reanalise chat esperar automatica meses usando funcao debito legal,n
nada resposta mim,n
ariane pelicioli aline santiago marcelo mazzini,x
thanks,x
bancoT,n
banjo falando alto obrigado diogo monstro,x
banco BancoA zueirou liberacao proxima mitou,p
fabio indica,p
thiago,x
agracado gordo,p
enviei,x
solicitei convite chegou hoje conta aprovada porem demora agonizante,n
espero BancoA,p
ola adoro banco nao consigo acessar area ingresso rapido,n
BancoB brasil caso venha aprovado sou obrigado pagar anuidade plano exija,p
achei beber case,x
amando vcs,p
tipo usuario otario,n
surpresa sabado,p
cade aprovacao ehheehhehe,n
banco BancoC inovando sucesso,p
resolveram problema aparelhos asus,p
alessandra vieira gravar paulo ancioso beber case,x
nao preciso vender falar banco pensa diferente sou cliente banco elogios excelente atendimento excelente prateleira investimento dna inovacao sair proposta buscar credito nao melhor opcao uso credito consciente parabens BancoC iniciativa,p
thais leano bugatti,x
nao recebi resposta ate hoje deu certo nao abrir conta,n
lindo lindo,p
oq,x
assaltado claro,x
opa,x
demora  dias aprovacao,n
cinema pagodje,x
olho cara lembro roberto dhorn,x
otimo,p
banjo deus,p
cade conta cade desburocratizacao,n
patrick plinio,x
salve samba,x
informado vejo forma realmente iniciativa entendi proposta acho especificado sentido postagem cara conhesce projeto fica realmente meio confuso entender sentido real proposta colocada nesse anuncio,n
vcs sortear ingressos camarotes frisas carnaval hein,p
parabens banco respeita causa nobre,p
semana nada conta voltando produtoA menos conta aberta,n
nao consigo atendimento aplicativo email menos telefone dias leva chegar cartao,n
menos vc teve retorno,n
bicho realmente loko excelente ator,x
abri conta fui informada cartao credito gold ate nada,n
fiz dois perdido nada resposta nao preciso conta cidade  cell fzr pq fiz pedido nada fiz novo nada,n
gente igualzinho,p
aula,x
fiz abertura conta quase semana ate nada lamentavel,n
pai fez sucesso ate morrer vc tbm sucesso deus abencoe,p
cartao chegou nao consegui senha app analise,n
querido demais,p
aplicativo bugando personalizar cesta servicos clica personalizar app fecha,n
ketellyn gomes,x
banco BancoA tomara conta disponivel problema resolvido ansioso testar,n
gente recebe email dizendo receber codigo nada codigo,n
precisar retirar parte valor objetivo caso emergencia poderei resgatar somente precisar retirar valor objetivo integralmente,x
verdinho ficar top falta liberar funcao credito,n
avisa mim,p
paulo samba queremos,x
cartao chegou,p
satisfeito peguei limite cartao credito BancoTA pago barato bancoTA show app super lento principalmente chat,n
bom,p
thiago leandro barboza,x
entra contato suporte aplicativo ontem falei servico continua BancoA ficar disponivel mundo,n
rick daniel ana,x
etapa sabe aprovar contas,n
adoro amor banco imaginei fecha conta bancoT satisfeita BancoC amor envolvido,p
show voz bom,p
indignado banco,n
quero ingresso BancoB,p
solucao empresas exemplo cobranca emissao boletos voltado cliente pessoa fisica,n
sorriso nao engana,p
liguei pedi falar consultor servico nao disponivel,n
banco BancoC janeiro janeiro voce guardei amor,p
demorando fui  fez cadastro,n
menos cliente gostando melhor bancoT anos,n
abri conta mandei pediram logo seguida falaram rg comprovante residencia teria mandar novamente mandei pediram aguarda dias meses movimento conta marido nao mexer dias ligo andamento acho chegou lua tanto anda,n
clareou,p
momento parecem estar interessados lancar credito futuro,n
vim lembrar pokemon saiu contas BancoA,x
ouvem,x
pensando beneficio pros clientes,p
aula humildade,x
exagerou prioridade ngm liberado,x
linda diogo,p
tamires,x
onde cadastro marketing virtual tbm,x
o dilicia,p
hooooou banco BancoC excelente natal magia natal esteja vcs,p
entendido valeu,x
espero aprovacao BancoA,n
aprove conta,x
ola usando cartao debito pontos nao aparecendo aplicativo conta,n
lorran duarte,x
ola gostaria voces respondesse inbox deixei duas mensagem voce,n
vcs nao atender demanda favor nao facam propaganda ana paula padrao arrepender vincular imagem instituicao nao funciona promete menos respeito usuarios,n
temos mito,x
obrigado voces,x
victor rosa,x
espera,x
evitado inves marcasse dias combinado sai caro primeira impressao fica,n
diogo nogueira voz conhece qualquer lugar,x
roberta albanielle garcia olha leslie,x
legal gostei,p
breve resposta incerta seria bom dar data,n
seria otimo tivesse opcao recarga celular,p
julio braz  selecionados,x
dodo silva,x
jeito dar cliente duini analisamos documentos dar abrir conta abracos triste,n
bom amei BancoB bank bom limite super bom valeu BancoB,p
legal gente epoca nao nascida,p
queria show lana infelizmente liberado credito,n
aguardemos resposta,x
pessimo atendimento,n
arrasou,p
morri,p
aguardo ansiosa,p
sou eu,x
verdade man banco bom gente fica ansioso demais,p
franklin albano,x
preferencia imagine dragons otimo,x
gostosa sambinha estando sambando,p
queremos minas,x
helga villela,x
gostooooooosa mundo melhor energia samba,p
brasil,p
abri conta deram dias espero ate hoje dias inbox BancoC nao responde,n
abri conta certo ate nada cartao,n
deus,p
carinha inchada,x
meses gartis pura mentira fui cobrado,n
torso banco BancoC coloque opcao conta pj fica melhor,n
demorando,n
deu aula show,p
usando precisava gera boleto cliente operacao consegui produtoA,n
maravilhoso,p
festa,x
o sorte embarcar nesse vagao,p
instituicoes financeiras fazem invstfacil ex bancoTA banco custodia verios,x
malandro malandro mane mane,x
mandei comentar,x
maria eduarda milione,x
etaaa bora,x
verdade so aguardando,n
aguardando aprovacao cadastro desde,n
show demais,p
aguento esperar,n
compra ingresso amiga quero,x
gosta transferir salario banco BancoA ,p
existe prazo data especifica dei prioridade conta preciso,x
senti,x
tempo demorar,n
chamei,x
beleza obrigado atencao,x
quisera proximo salario conta visto creio somente terei conta socorro judite,n
bom demais conta,p
problemao nao conseguindo resolver socorro,n
comeca aprovar pedi nada,n
pedido conta realmente achei moleza questao conta liberada testar unica achei legal depositar valor gerar boleto pagar conta mandar dinheiro BancoA,n
recebi hj,p
engracado gordo,p
aprova contas,n
excelente banco otimo atendimento unica insatisfacao transferencias bancarias nao concretizadas falha erro digitacao dados passados errado cobradas paguei tentar algo errado,n
windows phone aplicativo,x
banco otimo super facil burocracia totalmente digital fiz conta recebi cartoes adorando,p
christian lopes hamburg,x
naquela expectativa conta aprovada,p
responder pergunta bom cartao credito cheque saques faceis agencias confio banco vejo opiniao,n
cartao chegar naquela maleta quero,p
alessandro zinher,x
fabiana soares vieira obrigado,x
problema dando tira foto rg cnh seguida coloco cep endereco mando enviar erro servidor,n
dificil tarefa querer mestre soube discipulo discipula hahahaha hahahaha hahahaha hahahaha hahahaha hahahaha hahahaha,x
brasil sinto orgulhoso,p
tamojuntos,p
qualidade,p
dificil  atenderem  tentar novo caso nao consiga  procon absurdo fica horas esperando,n
vou esperar qualquer abro  cartao conta chegou ate desbloqueie,p
bancoTA presta limite porcaria presta quer vender produtos tive bancoTA fui bancoT mudo bancoTA acabou limites baixo imprestimo pobreza movimento bancoT meses limite veses bancoTA bancoTA mil reais vergonha mundo abre conta bancoTA quer colocar especial taxa cima bando recomendo bancoT bancoT,n
manuela alcoforado,x
pedi,x
conta digital,x
banco apenas anos consegui abrir conta cartao lindo chegou semaninha,p
melhor banco souBancoC,p
comecar aprovar quero dar adeus bancoT,p
jade mendes oliveira,x
delicia,p
giovanna costa,x
coloquem opcao depositar boleto,n
show noite banco BancoC,p
patrick wladimirski,x
banco BancoC mentira pedi merda ate cartao nao chegou vou meter processo voces danos morais,n
ficar linguagem reclamar girias,p
bom obrigada ficarei expectativa,p
mariana almada jeveaux conta basica nao tarifa,p
pergunta possivel alguem liberado gostaria saber funcionar pagar contas app,x
cartao funcao credito compras online porem valor total debitado saldo,n
ops valeu taliih marques,p
ligacao desculpa diferente cartao bom nada,n
previsao comecarem aprovar contas comentario anterior possivel pagar netflix spotify etc possivel deixar pagamentos agendados teremos gerar mensalmente cartao virtual,n
parabens iniciativa,p
giovanna loschiavo olhada nesse banco,x
hj partiu capital inicial,x
deu opcao credito deu funcao debito escolher,p
melhor banco mundo,p
olha elaaa victorya devin,x
mandei proposta esperando resposta tomara consiga,n
significa fui aceito,p
sei cartao perdido,n
provavelmente usa iconta,x
felipe mateus,x
possivel receber depositos,p
acontece hj dias pedi convite momento nada,n
parecido,x
juliana nardo essy,x
nao duvidas voces levam,n
adorei samba bom thiago nogueira nota mil sou filha sambista samba sangue samba,p
espero esperando tempao,n
disseram proxima versao,x
pearl,x
questoes pensar primeira taxa transferir dinheiro banco segunda boleto demora descontado pergunto resolvido,n
BancoB brasil pedi tive resposta,p
dias ate nada cartao,n
aparece nada clico avancar BancoB fica girando acontece nada,n
geovana scomacao olha rapido jessica scomacao sinta cheiro,x
faco abrir conta app site,n
parece mensagem subliminar,n
valeu BancoB,p
voltou,x
barbara,x
anderson miiguel sou cliente produtoA aguardando migracao BancoA junto,p
respondi,x
problema saque rede demais bancos varejo substituindo caixas banco  problema partir segundo saque tarifa,n
sai tela,x
sou diogo nogueira,p
entrei pedido abertura conta servicos essenciais obtive resposta positiva banco inter totalmente livre taxas ilimitado abracou inovacao china revejam conceitos banco digital melhorem caso contrario apenas conta digital fechando portas demais concorrentes gigantes,n
problema mandaram cartao limites nada debito credito desepiocionada,n
banco BancoC obrigada,p
cade BancoA,p
mayara souza,x
produtoA all,x
banco BancoC abri conta aguardando aprovado manda cartao black mim cidade cliente BancoC moro minacu goias,p
cadastro agil curti taxa boleto,p
alfinetada prescisa convite,x
obrigado acontece nao consigo abrir senha nemhum,n
amuuu,p
marcia maria menim,x
recusado digio nesse afinal debaixo asas bancoTA,n
e nois,x
aguardo aprovacoes,n
pensando nele BancoA banco rico BancoC coloca renda menor  nega proxima tela,n
melhor banco BancoC eusouBancoC,p
banco melhor,p
BancoB anuidade taxas,p
banco BancoC top,p
otimo banco uso recomendo,p
mil contas mimos especiais hein brinde boleto free etc,x
thuan zampagli sensa,x
boa tarde,x
acabei receber cartao BancoC eba,p
poxa pessoal demorando cade aprovacao,n
sombra duvidas melhor opcao banco indicaram resolver atraves click auto atendimento super rapido eficaz fala lingua show banco BancoB,p
mandaram cartao querem credito paciencia esperando convite,n
cara massa,p
saldo objetivos aplicado cdb taxa cdi,p
ficou irado,p
bom banco atendimento,p
BancoB brasil recepcao empresa inovadora verdade,p
massa,p
caroline cancian vital brasil,x
porra banco medianato gratis cartao internacional,n
jessica nilce leon,x
alguem convite,x
respostinha automatica vergonha mudou nada cadastro dias banquinho volatil cancelarei pagar cartao,n
aprovacao demorada,n
aguardando convite sinal vida email,n
luiz fernando mota,x
bom demais cara cantar,p
banco BancoC presenca confirmada,p
complicado gilvan paciencia acontecem bom resolver,n
liberar credito,n
previsao aprovacoes obrigado,n
quero convite,p
olha chegou BancoB,p
deus,x
cartao banco BancoA fornece credito debito,p
aula maxima,x
jonatas goulart daniel lino erse,x
rhulio,x
julia toqueton,x
nao vejo hora aprovar entendo momento prevenda demora ficar perfeito vcssaootimos,n
nao conseguindo ativar conta app,n
papai noel mandou avisar contas aprovadas ,p
charmosa lindo povao humano canta charm guando samba samba homem nota,p
diego ramos,x
depositar cheques conta,x
palhacada passaram dias nada ganhar pontos indicar,n
fintechCartao aprova rapido BancoB,n
show diogo nogueira pay,p
ansiosa ja,p
banco BancoA zueiro,n
banco BancoC analise acaba hj,n
acho engracado gordo  cardoso,x
aguardando aprovacao anciosa,p
banco BancoA ajuda conta oferece credito demora abrir problema dados esperando poxa banco digital menos sairia conta aberta entendo nada,n
alemanha diogo,x
cadastrou abriu,p
bom ativacao conta necessario deposito reais porem identifiquei nenhuma forma deposito fisico unica forma seria atraves transferencia caso pessoa obrigatoriamente conta banco abastecer conta BancoA,n
fique tranquilo BancoA mundo menos windows mobile,n
cartao dias nada faco acesso app cartao nada,n
decidiu conhece banco medianato,x
conrade aperta enter,x
nao voce acontece entrei roubada cartao nao chegou fazem esperar minutos dias telefone,n
show,p
cade convite dias nada,n
bruno carvalho leite,x
banco bom acredito ano crescimento chegue gostando parabens,p
tiver problema,n
banco BancoC vou indicar cidade,p
show canta diogo nogueira,p
sou cliente experiencia banco BancoC otima parabens BancoC diferenca,p
BancoB aontecer,p
figura,x
banco BancoA direto respostas cliente pergunta fogem resposta,n
jaqueline thaylla,x
cartao fisico bandeiraA internacional oferece funcao debito,n
esperando queria dias semanas,p
parabens  aguardar liberarem contas aprovado continuem distincao clientes renda rapidamente maior banco digital pais maior concorrente pessimo,p
obrigada,x
aula,x
patricia cerqueira deu entender seria inicialmente acho barato,p
hora piada,x
eterno chow,x
novidade problema selfie reconhecimento facial,n
pokemon garantido rapido,x
massa parabens tomara joguinhos,p
jarbinha sucupira ingles,x
fiz cadastro aguardar  selecionadas lancamento,x
liberaram conta queria descobrir motivo score bom possuo restricao contas inclusive cartao credito cheque cheque especial queria BancoB fato bancoTA iria facilitar vida enfim males,n
amei,p
pergunta,x
obrigado consegui resolver verdade email letra errada email voltava  aguardar obrigado,p
conta enviei fotos doc hj entrei mil,x
BancoB brasil valeu retorno,p
pior oferece cartao credito,n
augusto,x
campanha genial parabens criadores mudar brasil acordar banqueiros,p
evento novamente sp,x
regulamentacao brasileira dita instituicao desenvolver tecnologia desenvolveram tecnologia disponibilizar funcionalidades banco banco BancoA,x
olha mor carlcarlos ramos,x
vou mudar novo,n
bom tentando acesso esqueci senha peco senha sms chega email vc favor verificar email correto mande mensagem mensager,n
jorge jor maravilha,x
abri conta ate hoje nao deram resposta,n
yep,x
queria conta,p
pleno ignorancia demonio pqp,x
parabens sucesso juizo,p
adorei diogo alma boemia simples carismatico salve salve show,p
demora,n
ouvi funcao debito,n
oba dentro,p
BancoB brasil consegui cadastro aguardar email,p
demorem basta fintechCartao prazo dias aprovacao,n
cliente produtoA ansioso aprovacao conta banco BancoA adoro novidades banco moderno dar certo,p
tive problema varias tentativas acabou funcionando,n
palma mao,x
banco BancoC nao adianta fiz troca e-mail nada satisfacao ligarem preocupando cliente banco deixou desejar,n
compreendi valeu cara,x
quantidade boletos gerar custo tipo,n
letreiro cego dizendo vemos vemos cumulo absurdo narrar acontece pessoas deficiencia capazes,n
banco horrivel atendimento cliente deixa desejar nao quiserem dor cabeca nao faca cartao,n
aguardando ansiedade,p
nao gostei,n
crush lindo voz delicia,p
melhor banco,p
show hein japa,p
totalmente gratis futuramente taxa conta,p
nao existe nada igual,p
adorei somostodosantonio,p
faco deposito baixei aplicativo pacpay nao sei usar,n
thais fischberg,x
campo duvidas clicar  aparece nada gostaria ler,n
werbevan castro,x
pago internet valeu fi,p
mando inbox robo escreve resolver problema meses ligo mando email mando inbox nada,n
BancoB brasil prosseguimos cadastro aplicativo aparecem opcoes quantidades cheques planos ouvi dizer contas digitais apareceram entendendo nada,n
facam app blackberry,x
simone santos,x
banco BancoC faco descomplicado verdade parabenizar agradecer,p
valeu diogo melhor maior forma mostrar trabalho corpo corpo povo agradecesalve salve diogo nogueira,p
vergonha,n
super decepcionado sistema pontuacao cartao credito banco gastei cartao credito pontuei  pontos absurdo nao recomendo,n
vcs souBancoC,p
serio pessoas restricao podem,x
sou BancoB rapida aprovacao amei,p
banco BancoA forem medianato melhorado prometo amar respeita lo saude doenca pobreza riqueza enfim torna lo banco numero mandar bancoTB inferno,p
quero conhecer empresa parte video seria prazer sou BancoA,p
taxas contas,n
silvia guidi,x
amor paixao banco espetaculo,p
tempinho ate hoje nada desisti exclui aplicativo,n
jeito quero mudanca fiz cadastro,p
olha amor cassia souza bonitinho,x
sou BancoC amor paixao,p
chateada respostas certo demanda,n
implorando amor deus desbloquear cel quero cancelar parece favor liga,n
banco BancoA taxa cdb site achei baixa comparacao bancos,p
cade aprovacoes,n
exagerou,x
super satisfeito,p
boa tarde tempo vcs aprovado conta poxa,n
consigo cadastro realidade momento tirar foto documentos tira,n
regina lourenco felipe lourenco,x
espero vale pena espera,x
melhores quero aprovada,p
ate hj nao respoderam fui aprovada,n
cati bittencourt,x
media,x
sou BancoC meses nao tive problema desde inicio satisfeito servico obrigado,p
demora ,n
BancoB brasil mandei informacoes podem olhar adianta continua jeito,n
ola boa tarde clico site pede email cpf encaminha fornecer numero encaminha baixar app,n
raphael oliveira,x
zero,x
bruno conta banco BancoC pensando cancelar comecar BancoB gostei proposta desde quinta feira cadastro tive resposta app passa informacao horas respondem data hoje nada aconteceu inicio dificuldade,n
lindo samba qualidade,p
opa conseguiram corrigir problema aparelhos asus disseram soltariam nova versao,n
compraria cartao BancoB chega agencia bancoTA solicitei  dias prazo dias uteis acabou,n
guimel santos,x
pessoa nasce linda mudanca fassa feia simplesmente linda,p
comecar alto astral feliz sabado,p
duvidas funciona pessoa deposito conta geracao boleto forma gerar boleto enviar pessoa pagar funciona cartao credito virtual consigo usar estabelecimento deixar cadastrado servicos uber obrigado,n
cadastro chego parte endereco botao enviar disponivel,n
pronto deixei inbox novo,n
leslie,x
aprovado cadastro ate nada enviare cartao,n
melhor banco eusouBancoC,p
sambinha bom gosta,p
costumam demorar quase aprovar abertura olha fac respondem recebi email exclui app condicoes,n
marina micali bichara,x
lana rey red hot foster the killers enfim line upao,x
banco BancoA,p
legal,p
amei,p
piada,x
tbm meses nada esperando bendita senha,n
amor olha aguentei vinicius maciel,x
vou obte,x
sou BancoC satisfeita,p
engracado ate hj  tive nenhuma resposta cartao aprovado  analise dois meses banco BancoC,n
BancoB brasil,p
segunda semana julho amigo,x
BancoB perfeito demais realizei transacoes supriu,p
otima duvida iury valls quero realmente substituir banco virtual semana comecei banco medianato,n
thatyane fernandes,x
nao entrem furada ate hj tentando cancelar conta ate nao fui atendido furada total banco rico,n
instabilidade maior parte hoje app funciona servidor sei sei consigo acessar conta absurdo total,n
dayana monteiro,x
banco BancoC adorei,p
lucrecia casttelly certeza,x
adianta hora tirar foto aprovar cadastro app desfoca,n
thais mattos foda,x
gosto BancoB verdade queria tivesse cartao credito virtual usar BancoA aprovaram credito,p
falta liberar credito cartao possa ficar satisfeito,n
merda,n
decidi falta aprovar,n
viva anos samba salve salve diogo nogueira,p
pena nao ilha governador praca livre possibilidade pensar sabe show,x
faco receber convite,p
tempo ano nao suporta demanda bloquei novas solicitacoes simples facil chama falta investimento prometem nao cumprem marcha imagem banco vou esperar ate onde,n
produtoA continua funcionando normalmente liberam contas petrucio,x
recebi codigo aparece seguinte mensagem app cadastro rejeitado pontuacao risco dispositivo alta alguem ajuda favor,n
engracado judeu,x
sol nascer oeste,x
pena liberaram credito animado curtir sessoes cinema rachar ingresso BancoB espero liberem,n
aguardando aprovacao bencao deus saira,p
pedi nada dias,n
falou BancoB juro entendi nhe hastad,n
nada avancar,n
queria convite,p
aguardo aprovacao,n
reserva hora tomar cafe,x
sei preciso saber sou fa imagina fdp,x
felipe,x
parece interessante proposta relacionamento criada banco bancoTA junto digital BancoB frustrado solicitar abertura negar abrir simples conta corrente digital atualmente sou cliente bancoTA achei interessante proposta relacao digital bancoTA uso dois bancos servicos digitais gostaria experimentar BancoB canais experiencia bancoTA teria existir relacao cliente banco banco filas papeis alem facilidade operacoes app internet banking banco horas bancoTA noite lamentavel,n
escreve cep ativar botao coloca dnv clica botao enviar,x
nathanael chimenes tell mikael vinicius marcos souza maciel olha shaw,x
sair joca conta,n
olha paula silvino,x
gostaria abri conta nesse banco enduvida corredo poplema,n
proximo titulo selecao copa visto,x
thiago fernando,x
irao trabalhar cheques,p
banco maravilhoso deus,p
falta aprovar conta,n
BancoB brasil ligado pedi imagino alguem conta convidar codigo venha rapido,p
banco BancoC recebi nova senha dando erro,n
stefani machado,x
olha aline ribeiro brasil,x
nada melhor bom samba,p
app funciona finalizar cadastro,n
aparece timeline assisto,x
coldplay,x
adorei cara toca banjo,p
liberado debito,n
obrigado,x
altos bugs,n
bamba canta,x
fiz solicitacao abertura conta ate nao tive resposta dias,n
acontece,x
espero conta digital melhor concorrentes,x
semana lanca,x
previsao revisao novas contas,n
banco BancoC obrigado banco BancoC,p
cristian bonome acontece perguntei lembro,x
bruno casagrande,x
cade conta bancoBancoA libera favor,n
shown,p
roberta duarte calaca vieira,x
sou troco qualquer achei seria cartao debito credito cartao credito nenhhuma taxa melhor lancar,n
lucas furlan fahl luara sacchi lucas coimbra tatiane vedovotto kess caroline rocha parece chorei rir bruno giatti cavichiolli,x
liga nele delvan rayol,x
ligam qnd atendo dsligam ajudem,n
nao apareceu taxas,n
paixao meninos ouro,p
banco completo brasil,p
tarsila nakamura alexandru olteanu diego costa,x
diogo disfarcad  showwwww,x
feliz BancoB,p
queria credito precisando urgente,n
mentira mr chow BancoB BancoB away,n
banco BancoA libera logoooooo preciso usar hoje cartao virtual internacional nuss,n
hora,x
fato taxa creditados conta confirmei chat,p
tentei ligar central cancelar conta nao consegui atende,n
ate show bola,p
tipo banco,x
somos dois,x
lindo,p
arrasou dioguinho,p
banco maravilhoso parabens,p
gostaria reativar conta infelizmente,n
liberem contas,n
conta aprovada mimos falta esperar cartao chegar aproveitar,p
aprova logo,p
fiz cadastro BancoA dias tive retorno normal demorar tanto,n
fiz cadastro ansioso espero aprovem,p
obrigado,p
thiago moreno,x
meses esperando cartao chegar manda mensagem respondem,n
achei beber case brasil,x
samba bom,p
eduardo apenas curiosidade,x
ansioso,p
faltando limite credito perfeito BancoB brasil,p
amanda  miga conhece,x
amei cartao lindo usa,p
vish demorar,n
quero encerrar conta atual bancoTC utilizar somente BancoC nao liberam funcao credito jeito comecei movimentar nada limite chateada,n
fiz tmb ontem dar,x
cdb dentro objetivos organizado bancos,p
assino baixo sou interior paulo unica falta opcao deposito especie,n
banco BancoB propaganda enganosa,n
funcao credito cartao carteira,n
causa detalhe nao consigo fedbak melhorem atendimento vcs vao longe,n
cri cri cri cri,x
diogo maravilhoso simples,x
maleta,x
samba,x
aguardando resposta solicitacao abertura conta desde outubro falei quinta feira passada situacao inbox ficaram dar resposta ate natal conta aberta entendo podem passar dias prazo dias favor puderem atender solicitacao agradeco,n
banco BancoA queria saber realmente aceito sensacional uso servico,p
banco BancoC revalidem parceria bodytech please,n
governo atitude nexo chega soar preconceituosa chama cego pessoas deficiencia visual hasteg causar inclusao fez efeito contrario pessoas deficiencia vizual obviamente iriam ler motivos obvios enchergam causar inclusao seria certo fazerem midia audio visual identificando acontesce vidio surgiro remix hora juncao vidio iniciei faculdade publicidade plena nocao abordagem propaganda totalmente sentido pegar mal empresa surgiro tirarem divulgacao proposta infeliz fez formar publicidade deixo curriculun vou soma positiva daquelas talento nocao criar propagandas vincular temas forma adequada gerar beneficios impresa fez principalmente publico alvo dica ok,n
quam restricao banco te receber conta,n
lindo avoz inconfundivel,p
funciona credito compras online porem debitado valor total saldo,n
fiz cadastro meses disseram email cadastro aprovado ate hj chegou cartao mim mandaram email,n
conta corrente credito bom nada,n
poxa geral recebendo convite liberar credito nada pagar taxas conta digital limites credito,n
juntar moedas,p
comecam aprovar,n
legal lacro,x
emails responde nada,n
acho fim mundo kakakakaka,x
banco BancoA consigo baixar aplicativo territorio brasileiro quero conta endereco brasil faco,n
adriano andrade certeza amigo,x
chegou,p
mesmo problema,n
engracado gordinho,p
resumo patamar desenvolvimento aplicativo funcionalidades usuario final,x
BancoB amei mimos veem junto,p
sou cliente produtoA tentando migracao aplicativo aparece sou cadastrada produtoA,n
rayban peruca reconheceria longe,x
adoro amor,p
queria opcao credito cartao caso contrario gostaria saber encerrar conta fechar,n
nao prestigiar tira show,x
numero banco telefone numero identificacao banco,x
cade conta liberada,n
obrigada responderem mensagem chat tks,p
vao responder duvida inbox,n
cadastrei notei alto nivel app rapido estavel aguardando aprovacao otima expectativa,p
pessoal desesperado calma proposta realmente tempo espera compensa esperei meses receber fintechCartao tentei segunda demorou meses receber milhares pessoas esperou esperam resposta fintechCartao sei servicos diferentes banco cartao credito vale qualidade servico oferecido espero BancoA decepcione qualidade fintechCartao decepciona BancoAnaodecepcione,x
partido primeita,x
decepcionem ansioso,x
baixa app BancoB acontecer loja aplicativos solicite convite,p
ansioso aprovacao conta BancoA,p
amem,x
show gostei pontosbandeira vou BancoB,p
pokemon chegou hein,x
cesar cobra segunda olha link,x
coloca video direto face ,x
recebi cartao nada liberar funcao credito,n
funciona pc note,p
obrigado atencao,x
custa taxas,x
alexandre braga pai banco precisa convite fintechCartao,p
campanha,x
diferenca fintechCartao trocar,x
canta,p
cadu silva banco BancoA,x
serBancoC,p
sugestao creio importante facam cartao multiplo liberem credito necessario preciso emitir cartao,n
BancoA acho deveriamos conhecer equipe marketing trabalho lindo cativante fikdik,p
infelizmente serei usuario banco BancoA terei aparelho android tempo fintechCartao brasil fez app rapidinho uso hoje cancelar conta bancoTB amanha aternativa hoje alternativas forma aplicativos uwp simples portar plataformas windows entendo empresas focam robo maca,n
luiza ferreira guerra helius xavier gabriel petrauskas pedro ivo campos pablo luna almeida nao gostei,n
pearl lana rey,x
depositar conta nao liberou limite credito tbm,n
rapaz bugou aparece tivesse tirado foto tirei app novo,n
dimenor dimenor,x
chegando hora,p
queria maleta,p
ken jeong o cara muleque,x
enrola aprovacao,n
queria,x
